ProductName,Sales,Profit
Tables PROD-8562,172.95,-0.5599999999999996
Phones PROD-5590,141.37,32.52
Bookcases PROD-6469,104.97,13.21
Tables PROD-6785,98.7,15.18
Storage PROD-5654,95.47,13.37
Labels PROD-5071,94.56,3.78
Tables PROD-8232,91.0,5.46
Storage PROD-4411,87.31,0.8499999999999996
Art PROD-1344,84.33,1.69
Machines PROD-2774,83.87,0.84
